{   
    "Description" : "DoubleGauss f1.2 hfov21.5 7P",
    "OBJECT": {
        "index"   : 0,
        "roc"     : 0.000000000000000E+000,
        "distance": 0.000000000000000E+000,
        "material": "vacuum",
        "radius"  : 0.000000000000000E+000,
        "conic"   : 0.000000000000000E+000,
        "ai-terms": null,
        "variable": null
    },
    "Standard1": {
        "index"   : 1,
        "roc"     : 6.649480433118918E+000,
        "distance": 7.874885772358000E-001,
        "material": "S-LAH53",
        "radius"  : 3.312668886329310E+000,
        "conic"   : 0.000000000000000E+000,
        "ai-terms": null,
        "shift": [0.0, 0.0, 0.0],
        "theta_xyz": [0.0, 0.0, 0.0],
        "variable": ["c","d"]
    },
    "Standard2": {
        "index"   : 2,
        "roc"     : 2.739988060272233E+001,
        "distance": 1.751667048010000E-002,
        "material": "vacuum",
        "radius"  : 3.273008572253093E+000,
        "conic"   : 0.000000000000000E+000,
        "ai-terms": null,
        "shift": [0.0, 0.0, 0.0],
        "theta_xyz": [0.0, 0.0, 0.0],
        "variable": ["c","d"]
    },
    "Standard3": {
        "index"   : 3,
        "roc"     : 3.488102208646188E+000,
        "distance": 7.478856700633999E-001,
        "material": "S-LAH53",
        "radius"  : 2.744612807128860E+000,
        "conic"   : 0.000000000000000E+000,
        "ai-terms": null,
        "shift": [0.0, 0.0, 0.0],
        "theta_xyz": [0.0, 0.0, 0.0],
        "variable": ["c","d"]
    },
    "Standard4": {
        "index"   : 4,
        "roc"     : 5.491095398327378E+000,
        "distance": 3.457638433898000E-001,
        "material": "vacuum",
        "radius"  : 2.672489746297102E+000,
        "conic"   : 0.000000000000000E+000,
        "ai-terms": null,
        "shift": [0.0, 0.0, 0.0],
        "theta_xyz": [0.0, 0.0, 0.0],
        "variable": ["c","d"]
    },
    "Standard5": {
        "index"   : 5,
        "roc"     : 6.430902849303505E+000,
        "distance": 2.041072908116000E-001,
        "material": "SF56A",
        "radius"  : 2.537034734825326E+000,
        "conic"   : 0.000000000000000E+000,
        "ai-terms": null,
        "shift": [0.0, 0.0, 0.0],
        "theta_xyz": [0.0, 0.0, 0.0],
        "variable": ["c","d"]
    },
    "Standard6": {
        "index"   : 6,
        "roc"     : 2.325909202009901E+000,
        "distance": 1.294710373478394E+000,
        "material": "vacuum",
        "radius"  : 2.016470266219259E+000,
        "conic"   : 0.000000000000000E+000,
        "ai-terms": null,
        "shift": [0.0, 0.0, 0.0],
        "theta_xyz": [0.0, 0.0, 0.0],
        "variable": ["c","d"]
    },
    "STOP": {
        "index"   : 7,
        "roc"     : 0.000000000000000E+000,
        "distance": 1.142391553050000E+000,
        "material": "vacuum",
        "radius"  : 2.012278929057590E+000,
        "conic"   : 0.000000000000000E+000,
        "ai-terms": null,
        "shift": [0.0, 0.0, 0.0],
        "theta_xyz": [0.0, 0.0, 0.0],
        "variable": []
    },
    "Standard8": {
        "index"   : 8,
        "roc"     : -2.673196234136858E+000,
        "distance": 2.041072908116000E-001,
        "material": "FD11",
        "radius"  : 2.004490847327423E+000,
        "conic"   : 0.000000000000000E+000,
        "ai-terms": null,
        "shift": [0.0, 0.0, 0.0],
        "theta_xyz": [0.0, 0.0, 0.0],
        "variable": ["c","d"]
    },
    "Standard9": {
        "index"   : 9,
        "roc"     : 2.444337126342359E+001,
        "distance": 1.010635727264900E+000,
        "material": "S-LAH52",
        "radius"  : 2.526700118006690E+000,
        "conic"   : 0.000000000000000E+000,
        "ai-terms": null,
        "shift": [0.0, 0.0, 0.0],
        "theta_xyz": [0.0, 0.0, 0.0],
        "variable": ["c","d"]
    },
    "Standard10": {
        "index"   : 10,
        "roc"     : -4.596983609472600E+000,
        "distance": 1.370869863660000E-002,
        "material": "vacuum",
        "radius"  : 2.566695349115907E+000,
        "conic"   : 0.000000000000000E+000,
        "ai-terms": null,
        "shift": [0.0, 0.0, 0.0],
        "theta_xyz": [0.0, 0.0, 0.0],
        "variable": ["c","d"]
    },
    "Standard11": {
        "index"   : 11,
        "roc"     : -1.803988581139564E+001,
        "distance": 8.430849661509000E-001,
        "material": "S-LAH52",
        "radius"  : 2.705271021824681E+000,
        "conic"   : 0.000000000000000E+000,
        "ai-terms": null,
        "shift": [0.0, 0.0, 0.0],
        "theta_xyz": [0.0, 0.0, 0.0],
        "variable": ["c","d"]
    },
    "Standard12": {
        "index"   : 12,
        "roc"     : -4.625924195484930E+000,
        "distance": 1.751667048010000E-002,
        "material": "vacuum",
        "radius"  : 2.735188888555316E+000,
        "conic"   : 0.000000000000000E+000,
        "ai-terms": null,
        "shift": [0.0, 0.0, 0.0],
        "theta_xyz": [0.0, 0.0, 0.0],
        "variable": ["c","d"]
    },
    "Standard13": {
        "index"   : 13,
        "roc"     : 1.521741708099455E+001,
        "distance": 3.838435618248000E-001,
        "material": "S-LAH51",
        "radius"  : 2.610414073777763E+000,
        "conic"   : 0.000000000000000E+000,
        "ai-terms": null,
        "shift": [0.0, 0.0, 0.0],
        "theta_xyz": [0.0, 0.0, 0.0],
        "variable": ["c","d"]
    },
    "Standard14": {
        "index"   : 14,
        "roc"     : -3.990373694802980E+001,
        "distance": 5.378849307512636E+000,
        "material": "vacuum",
        "radius"  : 2.614821673871196E+000,
        "conic"   : 0.000000000000000E+000,
        "ai-terms": null,
        "shift": [0.0, 0.0, 0.0],
        "theta_xyz": [0.0, 0.0, 0.0],
        "variable": ["c","d"]
    },
    "IMAGE": {
        "index"   : 12,
        "roc"     : 0.000000000000000E+000,
        "distance": 0.000000000000000E+000,
        "material": "vacuum",
        "radius"  : 2.941255831419570E+000,
        "conic"   : 0.000000000000000E+000,
        "ai-terms": null,
        "shift": [0.0, 0.0, 0.0],
        "theta_xyz": [0.0, 0.0, 0.0],
        "variable": null
    }
}