{
    "Description": "phone zwg",
    "OBJECT": {
        "index": 0,
        "roc": 0.0,
        "distance": 0.0,
        "material": "vacuum",
        "radius": 0.0,
        "conic": 0.0,
        "ai-terms": null,
        "variable": []
    },
    "Standard1": {
        "index": 1,
        "roc": 2.159273792968659E+000,
        "distance": 5.279879099339431E-001,
        "material": "apl5014cl_apel",
        "radius": 1.086913825350286E+000,
        "conic": -1.061541194259356E+000,
        "ai-terms": [
            4.783593525235616E-003,
            7.625072613152748E-003,
            -6.456793125773588E-003,
            9.202535479037951E-004,
            4.685448011994906E-003,
            4.126930330980169E-003,
            -4.680933936942123E-003
        ],
        "shift": [0.0, 0.0, 0.0],
        "theta_xyz": [0.0, 0.0, 0.0],
        "variable": ["c","d","k","ai"]
    },
    "Standard2": {
        "index": 2,
        "roc": 3.846988983213225E+001,
        "distance": 8.146143323011754E-002,
        "material": "vacuum",
        "radius": 9.305801431137467E-001,
        "conic": -5.029339198212568E+000,
        "ai-terms": [
            -1.289462954683734E-002,
            -2.033657782399329E-002,
            3.894672249868689E-002,
            -1.107366243923064E-002,
            -8.260953355403437E-003,
            -1.454777909472913E-003,
            1.184715573271417E-003
        ],
        "shift": [0.0, 0.0, 0.0],
        "theta_xyz": [0.0, 0.0, 0.0],
        "variable": ["c","d","k","ai"]
    },
    "STOP": {
        "index": 3,
        "roc": 0.0,
        "distance": 1.179625317649413E-001,
        "material": "vacuum",
        "radius": 8.855080289626024E-001,
        "conic": 0.0,
        "ai-terms": null,
        "shift": [0.0, 0.0, 0.0],
        "theta_xyz": [0.0, 0.0, 0.0],
        "variable": []
    },
    "Standard4": {
        "index": 4,
        "roc": 1.741022480367922E+001,
        "distance": 2.688639266771007E-001,
        "material": "polystyr",
        "radius": 8.837303594126565E-001,
        "conic": -5.000214601070013E+000,
        "ai-terms": [
            -9.185800909674717E-002,
            8.770864370851215E-005,
            4.648573294431136E-002,
            -1.143385138823174E-002,
            -3.207449680844992E-002,
            -2.641486311212521E-002,
            2.971701921623382E-002
        ],
        "shift": [0.0, 0.0, 0.0],
        "theta_xyz": [0.0, 0.0, 0.0],
        "variable": ["c","d","k","ai"]
    },
    "Standard5": {
        "index": 5,
        "roc": 1.667085758804105E+000,
        "distance": 5.051716661467404E-002,
        "material": "vacuum",
        "radius": 1.013326393674277E+000,
        "conic": -3.940388077203582E+000,
        "ai-terms": [
            -4.341693299100190E-002,
            4.551380727637712E-002,
            -1.263926436815744E-002,
            -4.106961978579370E-003,
            -4.388636727850436E-004,
            -2.118996588859912E-004,
            -6.434945142801350E-003
        ],
        "shift": [0.0, 0.0, 0.0],
        "theta_xyz": [0.0, 0.0, 0.0],
        "variable": ["c","d","k","ai"]
    },
    "Standard6": {
        "index": 6,
        "roc": 2.161156917244616E+000,
        "distance": 6.469038296424747E-001,
        "material": "apl5014cl_apel",
        "radius": 1.044122180738768E+000,
        "conic": -4.773293837519919E+000,
        "ai-terms": [
            -2.688426315478335E-002,
            2.111251687373049E-002,
            8.045249296789287E-003,
            -1.393376057019785E-003,
            4.275983607774162E-003,
            1.415949492269674E-003,
            -4.820246527188253E-003
        ],
        "shift": [0.0, 0.0, 0.0],
        "theta_xyz": [0.0, 0.0, 0.0],
        "variable": ["c","d","k","ai"]
    },
    "Standard7": {
        "index": 7,
        "roc": 1.172676061839404E+001,
        "distance": 3.214724011166416E-001,
        "material": "vacuum",
        "radius": 1.119705162903897E+000,
        "conic": 5.000215759229830E+000,
        "ai-terms": [
            -1.108991490972343E-001,
            1.500151926525042E-002,
            5.057837731140614E-003,
            -4.345744144133229E-003,
            -2.045438092329416E-003,
            1.644070061109112E-003,
            5.829452080224862E-003
        ],
        "shift": [0.0, 0.0, 0.0],
        "theta_xyz": [0.0, 0.0, 0.0],
        "variable": ["c","d","k","ai"]
    },
    "Standard8": {
        "index": 8,
        "roc": 3.888918509955948E+000,
        "distance": 7.889721791598977E-001,
        "material": "apl5014cl_apel",
        "radius": 1.280226827102393E+000,
        "conic": -4.263661095847176E+000,
        "ai-terms": [
            -5.687115394199381E-002,
            -4.410304537725927E-003,
            1.348479285751691E-004,
            -6.958034999155988E-004,
            -7.095287811764676E-004,
            -2.060657616550974E-004,
            3.566773731781360E-004
        ],
        "shift": [0.0, 0.0, 0.0],
        "theta_xyz": [0.0, 0.0, 0.0],
        "variable": ["c","d","k","ai"]
    },
    "Standard9": {
        "index": 9,
        "roc": -1.440995406013933E+001,
        "distance": 4.447174019067448E-001,
        "material": "vacuum",
        "radius": 1.477749292934774E+000,
        "conic": -5.000077889208550E+000,
        "ai-terms": [
            -5.483762153155492E-002,
            1.444870139355925E-002,
            -2.250780786202369E-003,
            -1.582064256141918E-005,
            1.171317573265283E-004,
            4.608108946527382E-006,
            -4.765704698678338E-005
        ],
        "shift": [0.0, 0.0, 0.0],
        "theta_xyz": [0.0, 0.0, 0.0],
        "variable": ["c","d","k","ai"]
    },
    "Standard10": {
        "index": 10,
        "roc": 7.312729492593103E+000,
        "distance": 3.928299288702254E-001,
        "material": "apl5014cl_apel",
        "radius": 1.512827260302250E+000,
        "conic": 2.799332454705631E+000,
        "ai-terms": [
            -1.493690912041812E-001,
            -4.678845293584085E-003,
            4.784067305585475E-003,
            -1.804937479722490E-006,
            5.655292274362578E-006,
            -9.877813941735697E-006,
            -8.726911558210448E-006
        ],
        "shift": [0.0, 0.0, 0.0],
        "theta_xyz": [0.0, 0.0, 0.0],
        "variable": ["c","d","k","ai"]
    },
    "Standard11": {
        "index": 11,
        "roc": -1.878817659668831E+001,
        "distance": 3.423746032717405E-001,
        "material": "vacuum",
        "radius": 1.904541015259770E+000,
        "conic": -5.027703444821412E+000,
        "ai-terms": [
            -2.806451784386899E-002,
            -4.578221867553975E-004,
            9.548009021856905E-004,
            5.552783907296260E-005,
            1.154372587878733E-005,
            8.264517497462464E-007,
            -5.801250625265570E-007
        ],
        "shift": [0.0, 0.0, 0.0],
        "theta_xyz": [0.0, 0.0, 0.0],
        "variable": ["c","d","k","ai"]
    },
    "Standard12": {
        "index": 12,
        "roc": -2.957964110407215E+000,
        "distance": 3.713506546992779E-001,
        "material": "apl5014cl_apel",
        "radius": 2.080897835697597E+000,
        "conic": -4.264620805830997E+000,
        "ai-terms": [
            -6.919331969501066E-003,
            3.779950706721706E-003,
            -2.790783230555978E-004,
            -1.639377466472160E-005,
            -3.125432019643763E-006,
            2.386160562324386E-007,
            3.973912274091924E-007
        ],
        "shift": [0.0, 0.0, 0.0],
        "theta_xyz": [0.0, 0.0, 0.0],
        "variable": ["c","d","k","ai"]
    },
    "Standard13": {
        "index": 13,
        "roc": 3.490134260137668E+000,
        "distance": 2.212748210189500E-001,
        "material": "vacuum",
        "radius": 2.405087586678526E+000,
        "conic": -6.933463115898843E-001,